71,fb2735f5-88f3-48ec-8b7a-109c1cfea7f0,田中 愛菜,Rosa22@hotmail.com,4bs7SzpB7E3t4d3,02645-3-3556
83,bd3f7e8f-99c4-4882-b0be-5cc26670f92a,山本 美咲,Reyna68@gmail.com,aAGQ9z7Ho9JVCej,0275-38-7775
51,ccf3a690-d087-4c69-b843-ccf7b1f393ed,鈴木 大翔,Lesly_Grant25@gmail.com,vKlZbL_8eIaEV5i,071-748-2221
220,6ced4576-4ceb-4466-a0cb-a451e6f6f7f9,井上 莉子,Haleigh.Effertz90@yahoo.com,CQg7aOoRkzR1oEI,09166-9-1584
384,b5e834a0-81b4-436d-ad9c-518880da5a1a,佐藤 美咲,Cordell65@hotmail.com,ZTbbcdMQ8Bt8ZnL,0865-55-9501
16,12491cea-6003-4eaf-8bcc-5911d476da36,渡辺 海翔,Narciso48@yahoo.com,Da521VRoFdwYTE7,07166-0-3445
110,0f4231ed-89d1-423b-a9f3-76542b956eab,佐々木 陽翔,Emery.Schmeler6@hotmail.com,fpuIpWgryh9YF6x,03-9512-8165
2,7cc57aa6-b583-4f9f-9358-306c42b46c6f,小林 莉子,Randy.Purdy73@yahoo.com,k6O5vNpRHE9y4Xt,0597-37-4782
147,550ea3f5-7685-434d-ab26-d7dff8541203,清水 陸斗,Julius66@yahoo.com,zmhwHQVvVTwwbtF,0113-58-1664
537,fb1c5b78-232e-4816-80a4-89c83d2d7da9,佐々木 結菜,Horacio33@gmail.com,yOPup1nukW2zwYg,07100-5-3143
209,87484f54-7704-4dac-a405-4b7baa84a3aa,加藤 太一,Jacques_OReilly69@hotmail.com,BHNDzscWnPK7bJk,05869-6-4707
68,b3385078-6a89-4d57-9f67-4e2ffb1f5250,山口 愛菜,Verlie61@gmail.com,mmq7I9M95EFP6Kt,07-0426-7987
69,4b1a0c92-8ebf-41b0-a53b-7bb040739d58,山田 結愛,Icie.Wiegand@hotmail.com,prJjYEQYQ66SqRW,045-656-0448
20,a846d461-e469-4d0c-a7cb-3eb02d092257,清水 結衣,Earnest.Okuneva4@hotmail.com,0bTJmKCxXcPR5ek,041-422-5331
11,c5288243-c68e-478c-9ac0-af821a846eaa,加藤 樹,Lurline_Gaylord@hotmail.com,mST39cXlh7cTiaM,0761-74-2451
0,ec0028ea-f92a-4814-bad4-54faa2624fc1,伊藤 結衣,Maudie.Moen98@hotmail.com,RzHVxQ7s4bHINlZ,008-442-6886
50,e40e68f7-8e4a-4020-9d04-5e65ff28794a,井上 陽翔,Jayden.Kutch70@hotmail.com,bCjvHP0uYTFl94N,0335-87-9426
99,26e1bd94-f0a9-411d-8ae5-92953b50869c,渡辺 樹,Salvador_Hodkiewicz@yahoo.com,6VXOAEbSRxSrkjx,0068-34-6438
162,4b2fdb6d-3bd1-42b8-8703-d6f7ededf7fa,田中 蓮,Einar_Gutkowski@gmail.com,5LxA3kxOWEmV7nn,0773-00-3212
22,7f58efd3-beb1-446f-b717-b9699432a2bd,田中 太一,Albertha43@gmail.com,_SIJY2ZDu8wr8UF,0846-20-2649
61,dd7c9ead-673a-4869-bafe-05c60e84269c,加藤 美咲,Webster_Crooks@hotmail.com,50w18lnorTHibjL,052-089-4629
39,963a0b2e-5333-4cd4-b3f9-e0b356080a61,井上 大和,Abbey3@hotmail.com,q2WIH383kS9DrgU,0657-64-7940
28,681b85d2-176b-41fd-9033-14c95fd9a921,松本 陽菜,Lew83@gmail.com,M30QtVOLO5q9OsE,09-1369-9721
30,8442d4b3-6049-4e4c-b585-9c9b4b037075,山口 颯太,Forest_Boehm@hotmail.com,yivuEfHH3Zy1JsI,080-238-2433
156,d426ef50-b1b7-4da7-9489-6f3597dffe7f,佐々木 美羽,Alysson48@yahoo.com,R4pm13YqF8xD73u,02-9785-1740
4,bee32583-0776-482d-b6e2-40f6faed77a0,中村 樹,Icie.Wisoky59@gmail.com,XsXO0Lk5JNNSpAx,07-9909-6888
27,ed989a73-a3e9-4f46-9905-1ebd68deeeb3,小林 陽翔,Ida.Crist@yahoo.com,YkUOUnyGjX9sOmx,088-962-9988
100,bb7a2bf3-8b0a-4bfb-af06-58989b264e19,井上 蒼空,Bria_Sauer@gmail.com,vGRQVfEeFG1in81,00-2068-2408
8,e7d6765c-de9f-4cf5-aeaf-83d109f604ae,小林 陸斗,Earlene_Schmitt51@gmail.com,X55_64me9Z3vxEp,0321-89-9853
3,5408e6b0-4fbd-4352-8314-9e4a9024959d,林 美咲,Graham34@hotmail.com,yb5wcYKJ9Jh9jKj,01322-5-3729
0,c345bc9d-3444-418e-bcf3-d0c6928cdaeb,山口 翼,Verda_Erdman2@hotmail.com,GqoRocGmDzCk7An,09-2203-9899
15,0be6b7fc-e1ab-49fa-ad87-32caebff8f5d,田中 颯太,Hal_Rempel@hotmail.com,nsYhtXuT90e7WBN,074-138-9631
1,66c6ced7-fc8b-4b32-8f82-16f1bbfa7454,佐藤 杏,Muhammad.Pfeffer39@hotmail.com,j267K1wo2wyydKm,01705-1-2851
29,18fd1387-3c54-4cae-a6fc-971ce6d28b08,加藤 美咲,Devonte_Douglas@hotmail.com,e_KruT6oDv0Mezy,0771-99-2796
49,00f2a852-1285-4443-83d5-89937d8e19e6,渡辺 結愛,Arvid.Zboncak@gmail.com,PV9cs0bpN0ynqXa,09-2909-7201
16,c724c2b5-d740-4f96-8ab2-ae027c34eaa7,山本 大翔,Wilson.White@yahoo.com,vDoZF6f7WUXVset,0128-80-0137
144,69e34052-978e-4362-8d09-9c557dfd47c4,木村 颯太,Lorine_Hackett98@gmail.com,2ecJhTGYLZbtMcz,065-304-0967
7,6d9ce6d7-6711-4ce0-a9d1-ebb81f636434,山本 陽菜,Danyka_Bosco34@hotmail.com,5idl76nFJ91M9cT,05-4412-2188
0,6e2c817f-ac84-4c9e-97f5-59102c18df63,吉田 結衣,Elijah.Schaden84@yahoo.com,7wTohbBRDHtIvb2,03-8206-3753
101,3315eecd-edd2-4cd7-a23f-0b31eae5652f,木村 蓮,Henri.Fahey14@yahoo.com,jDev3zhQgiFxZSU,028-145-5366
244,8af4a862-7f77-46f6-b85d-f873bb2dcc3d,田中 大和,Akeem_Lubowitz23@yahoo.com,4KIlPNgxZrA0H2Q,0957-15-9998
32,7e1508f9-6e37-427a-86c6-4368cb0996d6,佐藤 莉子,Kenyatta.Ziemann@hotmail.com,2hfhkhrJz1cVhPA,06185-4-4297
95,4823e94a-2436-48a8-abb1-158ce52fcd27,加藤 愛菜,Justina_Halvorson55@yahoo.com,niSqelJ84gkcAzD,04695-6-6580
13,1038dbd0-374f-4714-b867-5be7c4cdfca3,木村 結愛,Kraig_OReilly@yahoo.com,ayxQZ1XCvwbH9e9,0377-66-7909
87,f9df309e-d90d-4877-9bc7-702a6af76294,松本 太一,Michelle93@yahoo.com,YEHuScFj_WIJgNS,0406-41-2614
224,3877d13a-45af-4d5d-aa72-e40b66591bc7,山田 愛菜,Imani.Leffler56@gmail.com,CY1hO4sr5v8O5ws,08-2644-3585
22,6aa0b6db-462f-4f23-b719-cd9494bfc7e4,鈴木 莉子,Ludie63@hotmail.com,VDKp9EP48NiWLMJ,01890-6-6242
213,9cbfd226-3aea-401e-913e-81b958a1b997,佐々木 陽翔,Ezekiel_Rolfson@gmail.com,7VnFWL7HPKxPFuM,058-611-8230
97,e5f520e8-324e-4517-9346-7cbbae8744d6,高橋 蒼空,Leda65@yahoo.com,ziU1OHXm9EhJ7AG,07699-5-0494
244,2ae03c9e-1217-4acb-922a-f64aa3d86cf4,斎藤 美咲,Megane_Lesch@hotmail.com,wCgFEma0Du9QasQ,0032-80-7857
267,3188471f-5989-4009-8375-300a53e58bcb,小林 結衣,Dina.Schiller@hotmail.com,0pXV6brTB0DVd7A,0899-71-4248
0,b66adb42-3d9d-4e73-8138-19596592c5ba,小林 心愛,Evelyn35@hotmail.com,n6X8jVTKrr7mpbp,0952-86-5667
282,bf6c172c-e588-47c1-b4dc-3caeed02d242,伊藤 美羽,Pattie10@hotmail.com,h7tG7w5spaCZAAh,04-8151-3198
121,5e88c0f3-3e4e-46ff-b9bc-5aff18ce9534,松本 愛菜,Charles_DuBuque@hotmail.com,91olgqvGy1cl_UL,0579-81-0607
459,ee1e0668-a83d-464c-bfb1-25a60e045077,渡辺 太一,Berry.Schumm41@yahoo.com,nW29YvmgZn05DBl,08-5827-9252
0,694224e5-294a-4156-8311-2cc00c4c3610,中村 蓮,Alford.Marquardt35@yahoo.com,mD4p_lSs3u1mUin,02125-9-1347
50,484337f4-37bf-43ca-9486-b207a0a6e07b,松本 結衣,Lesley92@hotmail.com,9L8ssBE7hAOH0Hg,01-6518-5767
57,13481f14-41d9-4a4f-bed7-b96ae60a288b,清水 海翔,Anjali68@hotmail.com,UiBxBBw_DGH3RZH,00-1563-9973
74,87a88646-7868-46b7-9ec3-e7095b2fbb48,中村 結菜,Triston_McLaughlin@hotmail.com,n0SOawtJjZUdmXt,05072-8-2587
27,4c4f2f40-23b8-4022-89da-fab8057a97e1,山本 太一,Anabel61@yahoo.com,7mOg5QePdRNAAZX,070-122-9084
60,d7484a50-3c89-4dee-b36c-925760e30c09,山田 美羽,Dayne15@hotmail.com,DqRTP5NDWdU9cTa,018-234-5356
126,823f65bb-74e0-4e7b-88b1-3b872749910c,山本 心愛,Lewis75@gmail.com,cRNBrR3sTDYj2WI,07-1564-6823
125,78c11314-af99-479a-a7e3-48c5cfcd72de,山口 莉子,Filiberto.Schiller@yahoo.com,fcNe_cs0ZL_5eXP,0257-19-8863
6,1aad5d77-d2a7-4324-b993-9f08b2d8a68a,吉田 結愛,Fiona82@yahoo.com,y2LgOGIh5fKpTsP,0834-76-1376
5,72210b06-15db-4f29-bef6-bd4f1e599bcf,井上 海翔,Ambrose_West60@gmail.com,93cl1YayerkZJdJ,072-315-3268
8,c9c62545-a996-48fd-acdc-e279a0c3da8d,高橋 結愛,Jonatan_Murphy21@yahoo.com,6QCTzrdlH4pxHGB,05452-4-2921
1,6f894b3a-cecd-4881-9c57-5bed1b09e4ce,斎藤 翼,Doyle.Wehner98@yahoo.com,pQ7cYFWQXPQJXui,059-847-2949
105,9c71689d-7630-4a12-8d46-3b19168266e8,吉田 美羽,Vicky_Bahringer@yahoo.com,Wi7htj2A9mW8Hq2,03-0008-7433
89,9db58259-5ee1-47bb-8db7-2aa71a0afa03,高橋 陽翔,Rosalyn15@yahoo.com,Z8jdyu5lXXal9jU,0973-12-3908
6,b56a8aee-d85c-4cd4-9b08-f766b84735a5,田中 結菜,Abbie_Larson85@gmail.com,hmLCu9rBrD8OITV,0771-93-6447
26,8d597d6b-f6d4-45f0-a82a-a2d71becd796,山田 杏,Amiya.Rice@hotmail.com,ZpWPnZfeN3X0TjI,085-977-8089
314,7657b013-f4e4-41c4-84e5-cdb1217d1175,田中 樹,Eileen.Weimann23@hotmail.com,3Y0cJsocRJbAMr_,04-3794-3364
228,c7531c3f-e13c-4062-a9eb-acbbe34fe82c,斎藤 蓮,Tremaine.Herzog45@gmail.com,jdLB5rFjXvavRAa,096-444-3575
101,68df2824-b9b8-47cc-a0b7-3b956f0e4bab,吉田 陽翔,Brandi_Rippin96@yahoo.com,kzNh5C5vntPnvqe,067-625-8119
327,34108234-9e91-43a4-9e3f-48eda991a1de,清水 陽翔,Carolyn.Grady67@gmail.com,1HtZk13tQHFXIFk,0076-50-6253
256,25f9dc6a-807b-4c74-a9e0-929ce2b42e6b,斎藤 颯太,Cathryn_Purdy8@gmail.com,1j0ck0aZyZKAot5,03-0221-1049
109,af5733f7-a165-4524-a511-acb046507fd4,佐藤 颯太,Niko.OKon@hotmail.com,S6qPQrQf_DMnbcp,05133-7-6582
45,704a5d59-2bd3-4602-b611-23470d8c9358,山田 颯太,Osvaldo.Kemmer@yahoo.com,C8RSHpkMGp0Q7E7,03-9280-0776
245,1a85ff5d-40b1-489a-9c18-910f6a6d9594,山田 陽翔,Kariane_Rodriguez@gmail.com,Gsjzv77jEO0gREi,051-376-7270
26,72cf892e-cf0d-4318-9f32-8a763bfaf9cf,山口 杏,Alisha.Kuhn19@hotmail.com,PTgz3piBI7FcDWu,071-661-0579
8,f39050bf-ab72-4408-a203-14ecfa11a194,小林 杏,Arnoldo_Littel@gmail.com,AAtkSJcH8xjncg1,02-0705-4471
54,17386c9b-ed7e-4795-be3d-a55a5aadbfe9,加藤 結衣,Jody_Schuppe22@yahoo.com,vO9lNEXsnsvz61L,08343-5-7450
115,d8305b4f-b738-4953-9d39-286c8717ef7e,小林 結愛,Emmett.Williamson53@hotmail.com,vf_ljhafOBINZEk,017-562-8554
88,d2c756b5-25b9-4e48-b5dc-e9867056c772,山本 颯太,Noemi_Casper@yahoo.com,tbkbLk4WYOuasKh,09841-6-0221
68,fa9a84d4-fde9-4d67-aeed-b26b06ce468c,井上 大和,Camilla.Mosciski19@hotmail.com,Q6cfO9Q_EaPbueW,0543-88-7401
362,a85d517b-bfc8-49fc-8975-e2bcc78575a8,渡辺 結菜,Darrick34@hotmail.com,M8jvEBwvwdn4xid,02054-5-8653
70,26c17a6c-02fa-42df-818b-d091fe095643,鈴木 陽菜,Cyril18@gmail.com,4_MKLaY4z1XYXd9,03-5806-5811
377,c052e322-fefc-41ab-b6df-3ea59b77eb24,小林 杏,Karelle.Keebler@gmail.com,tqKPgeyQ3ATcpCu,08081-2-7755
27,e27e64c4-4b9a-41ee-9f4c-b6ac94a4fa53,斎藤 美羽,Yesenia_Schultz68@hotmail.com,8Ldo3JA0IjWOTda,01-7622-4231
47,037ffba3-9edc-4eee-b2bd-9c24f17de4d9,山口 莉子,Giles.Kuvalis@hotmail.com,Q87cuMxsw0oojrg,08-3600-8447
38,02a60928-6de6-49bc-8179-08aecec81721,佐藤 陸斗,Jeffry1@hotmail.com,879E0OzgNKJ8BCF,002-018-1895
45,671e056b-688f-42fb-ae62-1098b9146898,佐藤 美咲,Zoila_Shanahan53@yahoo.com,sSckU6EbeaEYc47,0493-61-9668
67,e04d3c90-2cb4-4ca5-899a-b510db6cab13,清水 陽翔,Derek_Willms@yahoo.com,C5dc1HzmcLL69z1,02-6897-0318
1,2a8c55fb-f908-4954-8bba-28f2d1a72ca4,高橋 翼,Piper.Bailey@gmail.com,XaPREnzBrFv6QhP,084-700-2660
84,53e91ad7-9f8e-48d4-8aa5-e9c1ad37115f,中村 美羽,Floyd.Farrell@hotmail.com,bGyqiRzm0PMp2JM,04972-4-4919
198,100775b8-9a80-4b07-950a-1aaa8f4daa91,吉田 杏,Estell.Bartoletti57@yahoo.com,qXDKZsDFYj1lEnh,068-535-3644
17,74fcc266-812a-483c-8ffa-fc24880fb0ce,高橋 結愛,Jarrod68@gmail.com,Lckk4YJxL_lClJw,0650-05-2263
207,658fe20c-3b84-48c1-a47f-a199f2fc9a1c,吉田 大翔,Abraham.Emard23@yahoo.com,E0xx7UuMq7yKWL8,02-5416-4198
38,f278e0b4-2abd-4110-85f3-17ec225c321b,佐々木 結菜,Seamus.McClure16@hotmail.com,kTITnd5TsOPQp0s,02-8119-8851
124,868db181-2562-4e67-8807-6f8a9687ae7e,中村 蒼空,Judd_Schaefer51@gmail.com,JQu80t5OsN8E5ba,0213-66-6660
